{
  "project_info": {
    "project_number": "559372724520",
    "project_id": "kbook-217fb",
    "storage_bucket": "kbook-217fb.firebasestorage.app"
  },
  "client": [
    {
      "client_info": {
        "mobilesdk_app_id": "1:559372724520:android:aa9d84049b895d3159881d",
        "android_client_info": {
          "package_name": "com.devlop.com"
        }
      },
      "oauth_client": [],
      "api_key": [
        {
          "current_key": "AIzaSyA6IiMymS5D2qbolX-Xf2JYNIV_dcBVrH0"
        }
      ],
      "services": {
        "appinvite_service": {
          "other_platform_oauth_client": []
        }
      }
    },
    {
      "client_info": {
        "mobilesdk_app_id": "1:559372724520:android:a344056323b47d6359881d",
        "android_client_info": {
          "package_name": "com.devlop.kbook"
        }
      },
      "oauth_client": [],
      "api_key": [
        {
          "current_key": "AIzaSyA6IiMymS5D2qbolX-Xf2JYNIV_dcBVrH0"
        }
      ],
      "services": {
        "appinvite_service": {
          "other_platform_oauth_client": []
        }
      }
    }
  ],
  "configuration_version": "1"
}